﻿<?xml version="1.0" encoding="utf-8"?>
<PluginAssembly FullName="D365.Template.Plugins, Version=1.0.0.0, Culture=neutral, PublicKeyToken=063cd410c3ab78cc" PluginAssemblyId="42b74503-8e99-ea11-a812-000d3a795cf5" CustomizationLevel="1" xmlns:xsi="http://www.w3.org/2001/XMLSchema-instance">
  <IsolationMode>2</IsolationMode>
  <SourceType>0</SourceType>
  <IntroducedVersion>1.0</IntroducedVersion>
  <FileName>/PluginAssemblies/D365TemplatePlugins-42B74503-8E99-EA11-A812-000D3A795CF5/D365TemplatePlugins.dll</FileName>
  <PluginTypes>
    <PluginType AssemblyQualifiedName="D365.Template.Plugins.SamplePlugin, D365.Template.Plugins, Version=1.0.0.0, Culture=neutral, PublicKeyToken=063cd410c3ab78cc" PluginTypeId="45b74503-8e99-ea11-a812-000d3a795cf5" Name="D365.Template.Plugins.SamplePlugin">
      <FriendlyName>D365.Template.Plugins.SamplePlugin</FriendlyName>
    </PluginType>
  </PluginTypes>
</PluginAssembly>