﻿<?xml version="1.0" encoding="utf-8"?>
<forms xmlns:xsi="http://www.w3.org/2001/XMLSchema-instance">
  <systemform>
    <formid>{13ddfe8d-92ac-4f24-95ef-6c80b46a87dd}</formid>
    <IntroducedVersion>1.0.0.0</IntroducedVersion>
    <FormPresentation>1</FormPresentation>
    <FormActivationState>1</FormActivationState>
    <form>
      <tabs>
        <tab verticallayout="true" id="{1bb34436-9707-449c-bd70-ca6dd5a5c3fc}" IsUserDefined="1">
          <labels>
            <label description="" languagecode="1033" />
          </labels>
          <columns>
            <column width="100%">
              <sections>
                <section showlabel="false" showbar="false" IsUserDefined="0" id="{1252270d-fadd-4db1-8bec-92a0f4f7e84a}">
                  <labels>
                    <label description="GENERAL" languagecode="1033" />
                  </labels>
                  <rows>
                    <row>
                      <cell id="{a3103078-48e0-4bda-b8c4-25a0ea82d5c2}">
                        <labels>
                          <label description="Name" languagecode="1033" />
                        </labels>
                        <control id="dxc_name" classid="{4273EDBD-AC1D-40d3-9FB2-095C621B552D}" datafieldname="dxc_name" />
                      </cell>
                    </row>
                    <row>
                      <cell id="{eb8b956f-eb75-4ba0-8346-61605b340bfe}">
                        <labels>
                          <label description="Owner" languagecode="1033" />
                        </labels>
                        <control id="ownerid" classid="{270BD3DB-D9AF-4782-9025-509E298DEC0A}" datafieldname="ownerid" />
                      </cell>
                    </row>
                  </rows>
                </section>
              </sections>
            </column>
          </columns>
        </tab>
      </tabs>
    </form>
    <IsCustomizable>1</IsCustomizable>
    <CanBeDeleted>1</CanBeDeleted>
    <LocalizedNames>
      <LocalizedName description="Information" languagecode="1033" />
    </LocalizedNames>
  </systemform>
</forms>