﻿<?xml version="1.0" encoding="utf-8"?>
<savedqueries xmlns:xsi="http://www.w3.org/2001/XMLSchema-instance">
  <savedquery>
    <IsCustomizable>1</IsCustomizable>
    <CanBeDeleted>0</CanBeDeleted>
    <isquickfindquery>0</isquickfindquery>
    <isprivate>0</isprivate>
    <isdefault>0</isdefault>
    <savedqueryid>{0b8bc4b0-7679-440d-ae9a-341f3946a7fc}</savedqueryid>
    <layoutxml>
      <grid name="resultset" jump="dxc_name" select="1" icon="1" preview="1">
        <row name="result" id="dxc_devopsentityid">
          <cell name="dxc_name" width="300" />
          <cell name="createdon" width="125" />
        </row>
      </grid>
    </layoutxml>
    <querytype>0</querytype>
    <fetchxml>
      <fetch version="1.0" mapping="logical">
        <entity name="dxc_devopsentity">
          <attribute name="dxc_devopsentityid" />
          <attribute name="dxc_name" />
          <attribute name="createdon" />
          <order attribute="dxc_name" descending="false" />
          <filter type="and">
            <condition attribute="statecode" operator="eq" value="1" />
          </filter>
        </entity>
      </fetch>
    </fetchxml>
    <IntroducedVersion>1.0.0.0</IntroducedVersion>
    <LocalizedNames>
      <LocalizedName description="Inactive DevOps Entities" languagecode="1033" />
    </LocalizedNames>
  </savedquery>
</savedqueries>