﻿<?xml version="1.0" encoding="utf-8"?>
<savedqueries xmlns:xsi="http://www.w3.org/2001/XMLSchema-instance">
  <savedquery>
    <IsCustomizable>1</IsCustomizable>
    <CanBeDeleted>0</CanBeDeleted>
    <isquickfindquery>0</isquickfindquery>
    <isprivate>0</isprivate>
    <isdefault>1</isdefault>
    <savedqueryid>{ec461f74-e823-4f89-94d0-4dd28c0e0c3b}</savedqueryid>
    <layoutxml>
      <grid name="dxc_devopsentities" jump="dxc_name" select="1" icon="1" preview="0">
        <row name="dxc_devopsentity" id="dxc_devopsentityid">
          <cell name="dxc_name" width="300" />
          <cell name="createdon" width="125" />
        </row>
      </grid>
    </layoutxml>
    <querytype>64</querytype>
    <fetchxml>
      <fetch version="1.0" mapping="logical">
        <entity name="dxc_devopsentity">
          <attribute name="dxc_devopsentityid" />
          <attribute name="dxc_name" />
          <attribute name="createdon" />
          <filter type="and">
            <condition attribute="statecode" operator="eq" value="0" />
          </filter>
        </entity>
      </fetch>
    </fetchxml>
    <IntroducedVersion>1.0.0.0</IntroducedVersion>
    <LocalizedNames>
      <LocalizedName description="DevOps Entity Lookup View" languagecode="1033" />
    </LocalizedNames>
  </savedquery>
</savedqueries>