{
  "webresources": [
    {
      "profile": "default,debug",
      "root": "..\\WebResources\\src",
      "solution": "DevOpsSolution",
      "files": []
    }
  ],
  "plugins": [
    {
      "profile": "default,debug",
      "solution": "DevOpsSolution",
      "assemblypath": "..\\Plugins\\bin\\Debug",
      "classRegex": "((public( sealed)? class (?'class'[\\w]*)[\\W]*?)((?'plugin':[\\W]*?((IPlugin)|(BasePlugin)|(Plugin)))|(?'wf':[\\W]*?BaseWorkflow)))"
    },
    {
      "assemblypath": "bin\\Debug"
    }
  ],
  "solutions": [
    {
      "profile": "default,debug",
      "solution_uniquename": "DevOpsSolution",
      "packagepath": "package",
      "solutionpath": "..\\PackageDeployment\\bin\\Debug\\PkgFolder\\DevOpsSolution_{0}_{1}_{2}_{3}.zip",
      "packagetype": "unmanaged",
      "increment_on_import": false,
      "map": [
        {
          "map": "path",
          "from": "PluginAssemblies\\**\\*.*",
          "to": "..\\..\\Plugins\\bin\\**"
        },
        {
          "map": "path",
          "from": "WebResources\\*.*",
          "to": "..\\..\\WebResources\\src\\**"
        }
      ]
    }
  ]
}